customer_segment,members,avg_churn_risk,avg_engagement,avg_visit_per_week,avg_revenue,segment_name,silhouette_score
0,542,15.408332802948605,42.67476424764248,1.937269372693727,33.15756457564576,Normal / Developing Members,0.21444929622187284
1,471,84.83533706601615,67.22157348431233,3.5690021231422504,34.388216560509555,At-risk Members,0.21444929622187284
2,445,16.345460796775136,65.8478152309613,3.4898876404494383,35.466123595505614,High Value Members,0.21444929622187284
3,540,83.9309028085784,43.66085390946502,1.9685185185185186,35.04287037037037,At-risk Members,0.21444929622187284
